href,text
/,
/,Home
#,Content
#about,About
#testimonials,Testimonials
#products,Products
#,Language
/,English
/spanish/,Spanish
#,Contact
/contact1,Contact 1
/contact2,Contact 2
#,
#,Shop Now
#,Shop Now
#,Shop Now
#,Shop Now
,Add to Cart
,Buy Now
,Add to Cart
,Buy Now
,Add to Cart
,Buy Now
,Add to Cart
,Buy Now
,Add to Cart
,Buy Now
,Add to Cart
,Buy Now
,Add to Cart
,Buy Now
,Add to Cart
,Buy Now
,Add to Cart
,Buy Now
,Add to Cart
,Buy Now
,Add to Cart
,Buy Now
,Add to Cart
,Buy Now
,See All Products
#carouselExample3Controls,Previous
#carouselExample3Controls,Next
,The missing models are shown in red.
#,
#,Home
#,About
#,Services
#,Testimonials
#,Contact
https://html.design/,Created with Free Html Templates
https://freecodecamp.org/,
